name,borough,extant,cast,materials,MaintainedByParks
A Bird Named Goldilocks,Staten Island,Y,1995,Bronze (brown patina),Y         
Abingdon Square Doughboy,Manhattan,Y,ca. 1921,"Bronze, Deer Isle granite",Y         
Amphibian,the Bronx,Y,ca. 1936,Stone,
Abram Stevens Hewitt,Manhattan,Y,ca. 1906,Westerly granite,
Accounts,Manhattan,Y,ca. 1912,Maine granite,
Admiral George Dewey Memorial,Manhattan,Y,1973,"Bronze, Barre granite (Presbry-Leland Company)",Y         
Adoption of the Constitution,the Bronx,Y,ca. 1937,Bronze,Y         
Æsculapius,Manhattan,Y,ca. 1931,Bronze,
African Antelopes,Manhattan,Y,1935,Indiana limestone,Y         
Alamo,Manhattan,Y,ca. 1967,Cor-Ten steel (painted black),Y         
Alben Square Flagstaff,Brooklyn,Y,ca. 1935,"Concrete, bronze, brick terrace",Y         
Alfred Lincoln Seligman Fountain,Manhattan,Y,ca. 1914,Bronze,Y         
Alfred Tredway White,Brooklyn,Y,circa 1923,bas-relief--bronze; boulder--fieldstone,
Alice in Wonderland,Manhattan,Y,1959,"Bronze, Chelmsford granite",Y         
Allerton Avenue Bridge Plaques,the Bronx,Y,ca. 1905,Bronze,Y         
Altman Memorial Fountain,Manhattan,N,1955,Stone,
Altman Plaque,Manhattan,N,ca. 1958,Bronze,
Amalgamated Dwellings Plaque,Manhattan,N,ca. 1941,Bronze,
American Antelopes,Manhattan,Y,1935,Indiana limestone,
American Boy,the Bronx,Y,ca. 1932,Figure and pedestal--Indiana limestone; plaque--bronze,Y         
American Flagstaff,the Bronx,Y,ca. 1975 (?),base--concrete; plaques--bronze,
American Legion Flagstaff,Manhattan,N,1941,Base--cast stone; Original plaque--bronze; Replacement tablet--granite with bronze decorations,
American Memorial to Six Million Jews of Europe,Manhattan,Y,1947,Barre granite,Y         
American Merchant Mariners Memorial,Manhattan,Y,1991,Figures--bronze; lifeboat--fiber-reinforced concrete; concrete,
American Merchant Mariners Memorial Plaque,Manhattan,Y,1991,"Bronze, granite",Y         
American Museum of Natural History Plaque,Manhattan,M,ca. 1931,Bronze,
American Museum of Natural History Tablet,Manhattan,Y,ca. 1929,Carrara marble with bronze letters,Y         
American Redout Marker,Manhattan,Y,1910,Boulders and concrete,Y         
Americans Creed,Brooklyn,Y,ca. 1923,bronze,
Amiable Child Memorial,Manhattan,Y,1967,Original headstone--sandstone; First replacement urn and pedestal--white Vermont marble; Second replacement urn and pedestal--light grey Barre granite,Y         
Andrew Heiskell Plaza,Manhattan,Y,ca. 1993,Granite,
Annadale Memorial,Staten Island,Y,ca. 1953,Bronze,Y         
Anthony R. Gaeta Memorial,Staten Island,Y,1994,Plaque--bronze; slab--Canadian granite,Y         
Antonin Dvorak,Manhattan,Y,ca. 1960,Figure and plaque: bronze; base: Brazilian green granite (verde lavros),Y         
Archimedes,Brooklyn,Y,1934,,
Archimedes,Brooklyn,Y,1934,,
Architecture,Manhattan,Y,ca. 1905,Westerly granite,
Argonne-Marine Memorial Oval Marker,Brooklyn,Y,ca. 1971,Barre granite (honed finish on face),Y         
Armed Forces Plaque,Manhattan,Y,ca. 1953,"Bronze, Barre granite",Y         
Armenian Grove Plaque,Manhattan,Y,ca. 1985,"Bronze, granite",Y         
Armillary Sphere,Manhattan,Y,1971,"Bronze, cast stone",Y         
Armillary Sphere and Sundial,Queens,N,1961,"Bronze, granite and bluestone",
Arsenal Landmark Plaque,Manhattan,Y,1958,Aluminum,Y         
Arsenal Mural,Manhattan,Y,1937,Oil on canvas applied to walls,Y         
Arthur Brisbane Monument,Manhattan,Y,ca. 1939,Swenson's pink granite,Y         
Arthur Cunningham,Queens,Y,1941,Bronze,Y         
Astoria Park War Memorial,Queens,Y,1926,"Concord, Massachusetts granite",Y         
Athena,Queens,Y,ca. 1998,Figure--bronze; pedestal--green granite,Y         
Australian Tree Marker,Manhattan,Y,1929,"Bronze, Georgia granite",Y         
Authority,Manhattan,Y,ca. 1906,figure--Westerly granite; pedestal--Barre light granite,
Autumn,Manhattan,Y,ca. 1903,Westerly granite,
Avenue of the United Nations Marker,Queens,M,ca. 1964,Granite,
Baboon and Mandrill,Manhattan,Y,1935,Indiana limestone,
Bacchante and Infant Faun,Manhattan,Y,ca. 1920 (?),Bronze,
Bailey Fountain,Brooklyn,Y,1931,Figures and pedestal--bronze; Basin--stone; Basin coping--aglomerated rocks,Y         
Baird Court Dolphin Fountains,the Bronx,Y,ca. 1937 (?),,
Baisley Pond Park Memorial,Queens,Y,ca. 1921,Granite,Y         
Balto,Manhattan,Y,ca. 1925,Figure--bronze; Tablet--slate; Natural boulder--Manhattan schist,Y         
Bartel-Pritchard Circle Columns,Brooklyn,Y,ca. 1906,Columns and plinths--granite; tripods and bowls--bronze,Y         
Bartel-Pritchard Circle War Memorial,Brooklyn,Y,ca. 1965,"Black granite (polished), inscription--gold leaf",Y         
Baruch Park Plaque,Manhattan,M,ca. 1939,bronze,
Battery Park Cannon,Manhattan,Y,ca. 1914,Cannon--iron; base--granite; plaque--aluminum,Y         
Battery Park Underpass Marker,Manhattan,Y,ca. 1951,bronze,
Battle of Harlem Heights Marker,Manhattan,Y,ca. 1961,"Bronze, granite",Y         
Battle Pass Historic Marker,Brooklyn,Y,1991,"Bronze, granite",Y         
Bayside Civil War Boulder,Queens,Y,1935,"Granite, bronze",Y         
Bayside War Memorial,Queens,Y,ca. 1925,"Marble, granite",
Beach and Sea Lion,the Bronx,Y,ca. 1936,Stone,
Beacon,Brooklyn,Y,2004,Bronze,Y         
Beauty,Manhattan,Y,ca. 1920,Carrara marble (dull finish),
Bernard M. Baruch Bench Plaque,Manhattan,N,ca. 1976,original plaque--bronze; replacement tablet--marble; platform--stone,
Bernard M. Baruch Memorial,Manhattan,L,1953,"Bust--bronze; Pedestal, stele, and platform--black granite",Y         
Bernard M. Baruch Plaque,Manhattan,M,1965,Bronze,
Betsy Head Fountain,Brooklyn,N,ca. 1917,bronze,
Bicentennial Veterans Memorial,the Bronx,Y,ca. 1976,Granite paver,
Bigger Bird,Queens,N,ca. 1986,"Steel poles, wire mesh",
"Bill ""Bojangles"" Robinson Mural",Manhattan,Y,"November 1, 1991","Mural--aluminum panels (¼"" thick, coated with Duranar Fluoropolymer); plaque--bronze",Y         
Bird Flying Machine,Manhattan,Y,1973,Bronze,Y         
Boar,Manhattan,Y,ca. 1972,Boar--bronze; Pedestal--granite,Y         
Bound Hands Rising Free,Brooklyn,Y,"January, 2000",Bronze; granite,Y         
Bowdoin Horse Trough I,Queens,Y,ca. 1909,Trough--(Deer Isle?) granite; Filling--concrete,Y         
Bowling Green Fountain,Manhattan,Y,1977,"Concrete, bluestone coping",Y         
Bowling Green Marker,Manhattan,Y,1938,"Bronze, Milford pink granite",Y         
Breakwater Memorial Flagstaffs,Manhattan,N,ca. 1900,Pedestals--granite; Ornaments--zinc; Plaques--bronze,
Bronx Victory Memorial,the Bronx,Y,1925,"Bronze, Rockport and Deer Isle granite",Y         
Broadway Starship,Staten Island,N,1985,Oak with brass fittings,
Bronx Local Board #2 World War Memorial,the Bronx,Y,ca. 1920,Column---Quincy granite; Plaque---bronze,Y         
Bronx Victory Memorial,the Bronx,Y,1933,Column--Cordova Texas limestone; Figure--bronze; Bas-reliefs--limestone; 4 urns--limestone; 2 urns--terra cotta,Y         
Caribou,Manhattan,Y,1935,Indiana limestone,
Brooklyn Korean War Veterans Plaza,Brooklyn,Y,1992,Gate and flagstaff base--granite; Steps and wheelchair ramp--concrete,Y         
Brooklyn War Memorial,Brooklyn,Y,ca. 1951,Limestone,Y         
Buffalo Hunt,Manhattan,Y,1916,,
Burnett Memorial Fountain,Manhattan,Y,1926,Figures--bronze; Pedestal---Milford pink granite; Tablet--slate,Y         
Bushwick War Memorial,Brooklyn,Y,1920,Tennessee pink marble,Y         
Bushwick-Ridgewood Memorial,Brooklyn,Y,1919,Figure--bronze; Pedestal--Westerly granite,Y         
Cactus Couple,Manhattan,Y,1985,Forms--serpentine marble (nubs unpolished); Base--white marble (unpolished) and Formica; Box--wood,Y         
Cadwallader David Colden,Manhattan,Y,ca. 1905,Westerly granite,
Caleb Heathcote,Manhattan,Y,ca. 1904,Westerly granite,
Call of the Sea,Brooklyn,Y,ca. 1936,bronze,
Captain Roald Amundsen Plaque,Staten Island,Y,ca. 1933,Bronze,Y         
Carmine Street Pool Mural,Manhattan,Y,August 1987,Paint,Y         
Carroll Park Memorial,Brooklyn,Y,1920,"Stele, plinth and step--granite; Bas-reliefs and plaques--bronze",Y         
Castello Plan,Manhattan,Y,2010,"Bronze, Tiger-stripe granite boulder",Y         
Castle Clinton National Monument Plaques,Manhattan,Y,ca. 1954,Bronze,
Castle Clinton Plaque,Manhattan,M,ca. 1909,Bronze,
Catfish Waterjets,Manhattan,Y,ca. 1995,bronze,
Charging Bull,Manhattan,Y,ca. 1989,Bronze,Y  Y      
"Cheetah, Leopard and Puma",Manhattan,Y,1935,Indiana limestone,
Chelsea Park Memorial (Doughboy),Manhattan,Y,1921,Figure--bronze; Pedestal and wall--Deer Isle granite,Y         
Chemistry,Manhattan,Y,ca. 1905,Westerly granite,
Chief Nimham Memorial,the Bronx,Y,1906,"Fieldstone conglomerate, bronze",Y         
Childhood,Manhattan,Y,ca. 1902,Westerly granite,
Chimpanzee,Manhattan,Y,1935,Indiana limestone,
Christopher Columbus,Queens,Y,1941,Figure--bronze; Pedestal and plinth--cast stone,Y         
Christopher Columbus Monument Fountain,Manhattan,N,ca. 1965,Plaque--bronze; Plinth--granite,
Cigarette,Manhattan,Y,1971,steel (painted black),
City Employees War Memorial,Manhattan,Y,ca 1926,Flagstaff--iron; Sleeve--bronze; Pedestal--Deer Isle granite,Y         
Civic Virtue,Queens,Y,ca. 1922,White Georgia marble,Y         
Clinton War Memorial (Doughboy),Manhattan,Y,ca. 1927,"Bronze, North Jay granite",Y         
Coast Guard Memorial,Manhattan,Y,1947,"Bronze, Deer Isle granite",Y         
Cockatoos and Ara,Manhattan,Y,1935,Indiana limestone,
Colonel David Marcus Memorial Plaque,Brooklyn,Y,1991,Bronze,Y         
Colonel David Marcus Memorial Playground Plaque,Brooklyn,Y,1948,"Bronze, granite",Y         
Colonel Frank H. Hines Memorial,the Bronx,M,1930,"Bronze, travertine",
Columnade,Manhattan,Y,1973,"Precast, reinforced concrete",Y         
Commerce,Manhattan,Y,ca. 1905,Westerly granite,
Commerce,Manhattan,Y,ca. 1903,Westerly granite,
Confucius,Manhattan,Y,1976,Figure--bronze; pedestal--concrete faced with variegated green Eastern Taiwan marble; terrace and bollards--variegated Eastern Taiwan green marble,Y         
Consolidation of Greater New York,Manhattan,Y,ca. 1906,white marble,
Cormorants,Manhattan,Y,1935,Indiana limestone,
Cornelius Heeney Memorial,Brooklyn,Y,ca. 1977,"Pennsylvania black granite, bronze",Y         
Corporal Sam Abrams Memorial,Brooklyn,N,ca. 1945,"Bronze, Barre granite",
Crack Is Wack,Manhattan,Y,1986,Paint,Y         
Crime Victims Memorial,Manhattan,Y,"April 24, 1991",Gray granite,Y         
Crotona Park Plaque,the Bronx,Y,circa 1913,Bronze,Y  Y      
Dancing Goat,Manhattan,Y,1937,Bronze,Y         
Dante Alighieri,Manhattan,Y,ca 1921,Figure and leaves--bronze; Pedestal--North Jay granite,Y         
David Pietersen De Vries,Manhattan,Y,ca. 1904,Westerly granite,
Dawn of Glory,Queens,Y,1924,Figure--bronze; Pedestal--Deer Isle granite,Y         
De Witt Clinton,Manhattan,Y,ca. 1905,Westerly granite,
Deer,Manhattan,Y,1935,Indiana limestone,
Delacorte Clock,Manhattan,Y,1965,Animals and bell--bronze; Grillwork--iron; Gateway--brick and limestone,Y         
Delacorte Fountain,the Bronx,Y,ca. 1972,Granite,
Delacorte Geyser,Manhattan,Y,ca. 1969,Monel stainless steel,
Dinosaur Play Sculptures,Manhattan,Y,1988,"Fiberglass and Steel, internal wire mesh support, internally supported by structural rebar with a layer of wire mesh, the resin surfacing is Hetron 27196 (approx. 1/4"" thick)",
Discus Thrower,Manhattan,Y,ca. 1926,"Figure, pedestal decorations, plaque--bronze; Pedestal-- Stony Creek granite (polished)",Y         
Diving Girls,Queens,N,1937,stainless steel,
Dongan Oak Marker,Brooklyn,Y,ca. 1994,Stele and base--granite; eagle and plaques--bronze,Y         
Doric Columns,Queens,Y,ca. 1996,Granite,Y         
Doris C. Freedman Plaza Plaque,Manhattan,Y,ca. 1981,Bronze,Y         
Dr. Alexander J.C. Skene,Brooklyn,Y,ca. 1905,"Bronze, white Vermont marble",Y         
Dr. Simon Baruch Bath House Plaque,Manhattan,L,1939,Bronze,
Dr. Simon Baruch Bath House War Memorial Plaque,Manhattan,S,ca. 1948,,
Dragon Fountain,Brooklyn,Y,1997,Bronze,Y         
Dreyfus Plaque,Staten Island,Y,ca. 1920,Bronze,Y         
Duane Park Flagstaff,Manhattan,N,1940,Base--Westerly granite,
Duane Park Plaques,Manhattan,Y,2000,Bronze,Y         
Duke Ellington Memorial,Manhattan,Y,ca. 1997,Bronze; pedestal--brick (?),Y         
Dyckman House Tablet,Manhattan,Y,ca. 1916,Brownstone,
Dyckman Municipal Landmark Plaque,Manhattan,N,ca. 1959,Aluminum,
Dyckman National Landmark Plaque,Manhattan,N,ca. 1968,Bronze,
Dyckman-Dean-Welch Plaque,Manhattan,N,ca. 1915,bronze,
Eagles and Vultures,Manhattan,Y,1935,Indiana limestone,
Eaphae-Aekyad #2,Manhattan,Y,ca. 1979,Welded hot-rolled steel (painted black),Y         
East 107th Street Recreational Pier,Manhattan,Y,1991,"Paving--yellow, black, and white terrazzo and brushed gray concrete; benches--concrete surfaced with yellow and black terrazzo (?)",
East 54th Street Recreation Center Plaque,Manhattan,Y,1939,Bronze,
East Coast Memorial,Manhattan,Y,1961,Eagle--bronze; pedestal--granite; pylons--Chelmsford granite,Y         
East River Roundabout,Manhattan,Y,ca. 1995,Spiral form--aluminum alloy 6061 and 6063; building frame--steel,Y         
East Side War Memorial,Manhattan,M,ca. 1921,"Deer Isle granite, bronze",
Edenwald Memorial Plaque,the Bronx,N,ca. 1948,bronze,
Edvard Grieg Memorial,Brooklyn,Y,ca 1914,Bust and plaque--bronze; Pedestal--granite,Y         
Edward Robinson Squibb Plaque,Brooklyn,Y,ca. 1959,Bronze,Y         
Eleventh Milestone Marker,Manhattan,Y,ca. 1912,"Brownstone, Westerly granite, brass",Y         
El Arbol de Esperanza,Manhattan,Y,ca. 1995,"Tree trunk figure--stainless steel (polished), globe---stainless steel, brass, bronze",Y         
Eleanor Roosevelt Memorial,Manhattan,Y,1996,"Figure, lettering on pavers, plaques--bronze; boulder, foot stone--Belfast black granite; low wall and pavers--granite; concentric pavement--bluestone",Y         
Electricity,Manhattan,Y,ca. 1905,Westerly granite,
Emilio Barbosa Memorial,Manhattan,Y,ca. 1996,Bronze and granite,Y         
Emma Lazarus Memorial Plaque,Manhattan,Y,1955,"Bronze, Israel limestone",Y         
Etched Granite Pavement,Queens,Y,ca. 1994,Black granite,Y         
Eternal Light Flagstaff,Manhattan,Y,1924,Bronze and Milford pink granite,Y         
Force,Manhattan,Y,ca. 1905,Westerly granite,
Father Francis P. Duffy,Manhattan,Y,1937,"Figure--bronze; Cross, pedestal, base, platform, and steps--Archean green granite (source, Angora, Minnesota)",Y         
Father Jerzy Popieluszko Monument,Brooklyn,Y,1990,Barre gray granite,Y         
Feltman Carousel,Queens,Y,1903,Wood,
Fidelity Park World War Memorial,Brooklyn,M,ca. 1921,"Bronze, limestone",
Fiorello H. La Guardia,Manhattan,Y,1934,"Bronze, Minnesota rainbow granite",Y         
Fiorello H. La Guardia,Manhattan,Y,ca. 1994,"Bronze, granite",Y         
Firemen's Memorial,Manhattan,Y,1912,"Bas-relief--bronze; Other elements--Knoxville marble, Pompton Lakes granite",Y         
First Symphony of the Sea,Brooklyn,Y,1992,"Terrazzo, ceramic, and concrete",Y         
Flushing Bay Promenade Pavement,Queens,Y,2000,"Clay bricks in following colors: ""601 sunlit earth,"" ""410 gunstock brown,"" ""820 Sahara""",
Flushing Memorial,Queens,Y,ca. 1925,Georgia pink marble,Y         
Flushing World War Memorial,Queens,Y,ca. 1935,"Granite, bronze",Y         
Flying Fish,the Bronx,Y,ca. 1936,Stone,
Foley Square Medallions,Manhattan,Y,2000,Bronze,Y         
Forest Hills War Memorial,Queens,Y,1920,Bas-relief--bronze; stele--granite,
Forms in Transit,Queens,Y,ca. 1964,Composition--sheet metal and tube metal (aluminum and iron?); Pedestal--concrete,Y         
Fort Hamilton War Memorial,Brooklyn,Y,1920,"Granite, bronze",Y         
Fountain of Life,the Bronx,Y,ca. 1905,Group--bronze; Pedestal---Dover marble,
Fountain of the Dolphins,Staten Island,Y,April 1998,Dolphin figures and rails--bronze; posts--steel,Y         
Four Eagles,Brooklyn,Y,ca. 1901,"Granite, bronze",Y         
Fourteenth Infantry Regiment Doughboy,Brooklyn,Y,1923,"bronze,  light gray granite",
Fred Lebow,Manhattan,Y,1994,Bronze and Pennsylvania black granite,Y         
Freedom Tree Marker,Manhattan,Y,ca. 1972,"Bronze, granite",Y         
Frederick E. Samuel Memorial,Manhattan,Y,ca. 1986 (?),"Bronze, concrete",Y         
Free Form,Queens,Y,1964,"Stainless steel, Atlantic black granite (polished)",Y         
Freedom of the Human Spirit,Queens,Y,ca. 1964,"Bronze, pink granite",Y         
Freedom Square Memorial,Brooklyn,Y,ca. 1921,"Bronze, Mount Airy granite",Y         
Freedom Tree Marker,Manhattan,M,1973,"Bronze, Qunicy granite",
Freedom Tree Marker,Manhattan,Y,ca. 1973,"Bronze, granite",Y         
Friedel Memorial Drinking Fountain,Manhattan,Y,1992,"Black granite, black marble",Y         
Fulton Park Comfort Station Plaque,Brooklyn,N,ca. 1910,Bronze,
Gates of Life,Queens,Y,ca. 1968,Bronze,Y         
Gay Liberation,Manhattan,Y,1980,Figures--bronze (white lacquer); benches--steel (black paint),Y         
Gene Farmer Tablet,Staten Island,M,ca. 1975,Granite,
General Daniel Butterfield,Manhattan,Y,1917,"Bronze, Deer Isle granite",Y         
George Peirce Andrews,Manhattan,Y,1903,bronze,
General Edward Fowler,Brooklyn,Y,1902,"Bronze, Quincy granite (polished)",Y         
General Franz Sigel,Manhattan,Y,1907,"Bronze, Plymouth granite",Y         
General Henry Warner Slocum,Brooklyn,Y,ca. 1905,"Figure, eagle, and medallions--bronze; pedestal--pink Milford granite with steps of Milford granite alternating with Green's Landing granite",Y         
General Horace Porter Memorial,Manhattan,Y,circa 1939,"Somesound granite, bronze",Y         
General José Artigas,Manhattan,Y,February 1987,"Bronze, Uruguayan black and pink granite",Y         
General Jose de San Martin,Manhattan,Y,circa 1950,Figure and escutcheon--bronze; pedestal--granite,Y         
General Josiah Porter,the Bronx,Y,ca. 1902,"Bronze, Westerly, R. I. Granite",Y         
General Philip Henry Sheridan,Manhattan,Y,1936,"Bronze, Conway green granite",Y         
George M. Cohan,Manhattan,Y,1959,Figure--bronze; Pedestal--light Barre granite on dark Barre granite base,Y         
George T. Delacorte Memorial Plaque,Manhattan,Y,1992,Bronze; original plinth--granite,Y         
George Washington Accompanied by Fame and Valor,Manhattan,Y,1916,Granite,Y         
George Washington Accompanied by Wisdom and Justice,Manhattan,Y,1918,Granite,Y         
George Washington as Master Mason,Queens,Y,1967,"Bronze, North Carolina pink granite",Y         
George Washington at Valley Forge,Brooklyn,Y,1906,"Bronze, Somesound granite",Y         
Gerald MacDonald,Queens,Y,1934,"Bronze, granite",Y         
Gertie A. Gorman Memorial,Manhattan,Y,1929,Deer Isle granite,Y         
Gertrude Stein,Manhattan,Y,1991,"Figure--bronze; pedestal--light gray ""Stanstead"" Rock of Ages granite (polished); base: charcoal Cold Springs granite (polished)",Y         
Giovanni da Verrazzano,Manhattan,Y,1909,"Bronze, Deer Isle granite",Y         
Glendale War Memorial,Queens,Y,1921,"Plaque--bronze; Stele--Georgia granite,",Y         
Gorilla,Manhattan,Y,1935,Indiana limestone,
Governor Alfred E. Smith Memorial,Manhattan,Y,1946,"Figure, plaque, and bas-relief--bronze, die and base -- Texas pink granite",Y         
Governor Alfred E. Smith Memorial Maquette,Manhattan,Y,1944,Plaster,
Governor Alfred E.Smith Flagstaff,Manhattan,Y,1946,"Base--bronze, pedestal--Texas pink granite",Y         
Greenpoint War Memorial,Brooklyn,Y,1923,"Bronze, granite",Y         
Gretta Moulton Gate,Staten Island,Y,1995,Gate--black molded steel; piers--dry stone with concrete core; plaque--bronze (?),Y         
Group of Bears,Manhattan,Y,1989,Group and plaque--bronze; Pedestal--granite,Y         
Growth,Manhattan,Y,ca. 1985,Steel (painted),Y         
Guglielmo Marconi,Manhattan,L,1924,White Carara marble,
Hall of Fame for Great Americans,the Bronx,Y,ca. 1901,granite,
Hans Christian Andersen,Manhattan,Y,1956,Figures--bronze; Bench--Stony Creek pink granite (polished),Y         
Hans Christian Andersen,Manhattan,Y,1956,Figures--bronze; Bench--Stony Creek pink granite (polished),Y         
Happy Land Memorial,the Bronx,Y,ca. 1995,Rose granite (smooth honed),Y         
Harlem Heights First Line of Defense Marker,Manhattan,Y,ca. 1909,Bronze,Y         
Harlem Heights Main Line of Defense Plaque,Manhattan,Y,ca. 1901,Bronze,
Harlem Heights Middle Redoubt Marker,Manhattan,Y,ca. 1929,plaque--bronze; boulder--granite,
Harlem Heights Second Line of Defense Plaque,Manhattan,Y,ca. 1915,Bronze,
Harlem Heights Third Line of Defense Plaque,Manhattan,Y,ca. 1909,Bronze,
Harlem Hybrid,Manhattan,Y,"Oct. 12/13, 1976",Bronze (welded),Y         
Harold W. Cohn Memorial,Brooklyn,Y,circa 1991,"North Carolina pink Lawlor stone, bronze",Y         
Harriet Tubman Memorial,Manhattan,Y,2007,"Bronze, Chinese granite",Y         
Haym Salomon Memorial,Queens,Y,ca. 1976,Stele--granite (unpolished); Base--concrete (rusticated at top and sides),Y         
Heisser Square Park Cannon,Brooklyn,N,ca. 1915,"iron, wood, etc. (?)",
Henry Neufeld Playground Plaque,Manhattan,Y,1991,Plaque--bronze; boulder--Manhattan schist (found in Riverside Park); planting bed paved with bluestone,Y         
Henry W. Maxwell Memorial,Brooklyn,Y,1996,"Bronze, granite",Y         
Henry W. Maxwell Memorial,Brooklyn,L,1903,Bronze;,
Heritage,Manhattan,Y,ca. 1903,Westerly granite,
Hero Park Memorial Plaque,Staten Island,Y,ca. 1920,Bronze,Y         
Hero Park World War Memorial Plaque,Staten Island,Y,ca. 1920,Bronze,Y         
Hippopotamus Fountain,Manhattan,Y,ca. 1993,Fiberglass reinforced polyester resin (silica gel coating); ears--vinyl ester resin with Kevlar fiber,
History,Manhattan,Y,ca. 1902,Westerly granite,
Holocaust Memorial,Manhattan,Y,ca. 1982,plaques--bronze; wall--pink granite; table--gray granite,
Holocaust Memorial,Manhattan,Y,ca. 1990,Carrara bianco marble,
Holocaust Memorial Mall,Brooklyn,Y,ca. 1997,Brickwork--stone; bars (and crown?)--steel (rusticated); beacon--bronze; base and markers--granite,Y         
Honey Bear,Manhattan,Y,ca. 1937,Bronze,Y         
Ibis Totem,the Bronx,Y,ca. 1936,Stone,
Icon II,Staten Island,Y,1978,"Precast, Tuscan red reinforced concrete",Y         
Imagine,Manhattan,Y,1985,"Neapolitan black and white marble, bronze",Y         
Independence Flagstaff,Manhattan,Y,1926,"Flagstaff--steel, copper sheathing; Pedestal--granite; Bas-reliefs and plaques--bronze,",Y         
Indian Maid and Fawn,Brooklyn,Y,ca. 1927,Bronze,
Industrial Art,Manhattan,Y,ca. 1905,Westerly granite,
Industry,Manhattan,Y,ca. 1903,Westerly granite,
Industry,Manhattan,Y,ca. 1905,Westerly granite,
Instruction,Manhattan,Y,ca. 1903,Westerly granite,
Iron Age,Manhattan,Y,ca. 1905,Westerly granite,
Irving and Estelle Levy Playground Gate,Manhattan,Y,1957,Bronze,Y         
Isaac L. Rice,Brooklyn,L,ca. 1921,Pantellica marble,
Jackie Robinson,Manhattan,Y,1981,Bronze,Y         
Jackie Robinson and Pee Wee Reese Monument,Brooklyn,Y,2005,"Bronze, granite",Y         
Jackson Square Fountain,Manhattan,Y,ca. 1990,Fountain and fountain basins--cast iron; base--granite; catch basin--concrete; fence--wrought iron,
Jaguar,the Bronx,Y,ca. 1926,Marble,
James A. Sherry Plaque,Manhattan,Y,ca. 1955,Bronze,Y         
James Duane,Manhattan,Y,ca. 1906,Westerly granite,
"John Hansborough, Jr. Sign",Manhattan,Y,August 1990,Paint on board,
James Henry Roosevelt Memorial,Manhattan,Y,ca. 1940 (?),Quincy gray granite (polished),
Jane Addams Memorial,Manhattan,Y,ca. 1935,"Bronze, Quincy granite",Y         
Jelly Fish,the Bronx,Y,ca. 1936,Stone,
Jenkins Fountain,Brooklyn,Y,1930,Bronze; Indiana limestone,
Jenny Lind,Manhattan,Y,ca. 1900 (?),,
Jerry McAuley Drinking Fountain,Manhattan,Y,1913,Deer Isle granite (polished ),Y         
Jerusalem Grove,Manhattan,Y,ca. 1976,Beige marble (polished face),Y         
Jewish-American Tercentenary Flagstaff,Manhattan,Y,"May 20, 1955","Milford pink granite, bronze",Y         
Joan of Arc Memorial,Manhattan,Y,1915,"Bronze, Mohegan granite",Y         
Job,Queens,Y,1967,"Bronze, darkly mottled schist",Y         
Johann Wolfgang von Goethe,Manhattan,Y,circa 1932,"Bronze, Swedish black granite",Y         
John Adams Plaque,Manhattan,N,ca. 1975,Bronze,
John Cashmore Marker,Brooklyn,Y,ca. 1965,Stele--black granite (polished); Base--limestone; Ornaments--bronze; Lettering--gilded,Y         
John Ericsson,Manhattan,Y,1903,Figure--bronze; Pedestal--black diamond granite (polished); Plaques--bronze,Y         
John F. Kennedy Memorial,Brooklyn,Y,2010,"Bronze, Regal Grey granite",Y         
John F. Kennedy Memorial Tree,Brooklyn,Y,December 1963,Granite,Y         
John J. Dolan Memorial,Brooklyn,S,ca. 1920,"Bronze, wood",
John N. LaCorte Commemorative Sculpture,Brooklyn,Y,Medallion 1964,Lac du Bonnet granite and bronze,Y         
John Purroy Mitchel Memorial Flagstaffs,Manhattan,Y,1912,Bronze,
"John Vincent Daniels, Jr. Plaque",Queens,Y,ca. 1992,"Bronze, light granite (unpolished)",Y         
José Bonifacio de Andrada e Silva,Manhattan,Y,1954,"Figure, plinth, and medallion--bronze; Pedestal, original base, and replacement base--Barre granite (polished)",Y         
Jose Julian Marti,Manhattan,Y,1959,"Bronze, dark Barre granite",Y         
Joseph A. Guider Memorial,Brooklyn,Y,Circa 1930,"Bronze, blue-white Westerly granite",Y         
Juan Pablo Duarte,Manhattan,Y,1978,"Bronze, granite",Y         
Judge Frank D. Paulo Memorial,Staten Island,Y,ca. 1985,"Bronze, granite",Y         
Justice,Manhattan,Y,ca. 1906,figure--Westerly granite; pedestal--Barre light granite,
Justice,Manhattan,Y,ca. 1905,Westerly granite,
Kenneth S. Seewald Memorial,the Bronx,M,ca. 1995,bronze,
King Wladyslaw Jagiello,Manhattan,Y,1939,Bronze; Milford pink granite,Y         
Korean War Memorial,Queens,Y,2006,Bronze,Y         
Kryeti-Aekyad #2,Manhattan,Y,ca. 1979,Welded hot-rolled steel (painted black),Y         
Lafayette Memorial,Brooklyn,Y,ca. 1917,Bronze; Milford pink granite (polished),Y         
Large Coqui,Manhattan,Y,2004,Bronze,N         
Law,Manhattan,Y,ca. 1902,Westerly granite,
Liam O'Brien Memorial,the Bronx,Y,ca. 1992,Plaque--black mineral; base--concrete; frame--wood,Y         
Liberty Avenue War Memorial,Brooklyn,Y,1947,"Shaft--granite, plaque and eagle--bronze",Y         
Poor Fish,the Bronx,Y,ca. 1936,Stone,
Lieutenant Colonel George U. Harvey Memorial Plaque,Queens,Y,ca. 1946,Bronze,Y         
Lieutenant George W. Lener Memorial,Staten Island,Y,ca. 1995,"Bronze, granite",Y         
Life Saver,the Bronx,Y,ca. 1936,Stone,
Line of Defense,Brooklyn,Y,Remade c. 1987,Bronze,Y         
Lions,Manhattan,Y,1935,Indiana limestone,
Literary Walk Restoration Marker,Manhattan,Y,1990,"Red, black and gray granite; inset lettering and compass motif--bronze",
Little Dances,Queens,Y,1996,Sculpture--cast iron and welded steel (painted),Y         
Loeb Boathouse Plaque,Manhattan,Y,1968,Bronze,Y         
Lombard Lamp,Manhattan,Y,ca. 1979,Lamp--cast iron; plaque--aluminum,Y         
Lost Battalion Hall Plaque,Queens,Y,1938,Bronze,Y         
Louis Armstrong Memorial,Queens,Y,ca. 1973,Bronze,
Louis J. Heintz Memorial,the Bronx,Y,1905,Figures--bronze; Pedestal and steps--Somesound granite,Y         
"Louis Valentino, Jr. Memorial",Brooklyn,Y,1998,Deer Isle granite,Y         
Louisa,the Bronx,Y,2002,Metal,Y         
Lt. Joseph Petrosino Plaques,Manhattan,Y,2013,Bronze,Y         
Lt. Nick Lia Memorial,Staten Island,Y,ca. 1994,Granite and fiberglass,Y         
Luis R. Lopez Memorial,Staten Island,Y,ca. 1995,Flagstaff--steel; base--Canadian pink granite; plaques--bronze,Y         
Macaque and Orang-outang,Manhattan,Y,1935,Indiana limestone,
Major Clarence T. Barrett Memorial,Staten Island,Y,1915,Figure--bronze; Pedestal and basin--pink Tennessee marble,Y         
Marabou,Manhattan,Y,1935,Indiana limestone,
Marine Amphitheater Groups,Queens,Y,ca. 1939,Cast stone and imitation limestone,Y         
Marine Amphitheater Plaque,Queens,S,ca. 1939,Bronze,
Marine Flagstaff,Manhattan,Y,ca. 1955,Aluminum (?),
Marine Heroes Tablet,Manhattan,Y,ca. 1950,Original plaque--bronze; Original plinth--concrete; replacement tablet--granite,Y         
Maternity,Manhattan,Y,ca. 1903,Westerly granite,
Medicine,Manhattan,Y,ca. 1905,Westerly granite,
Medusa,the Bronx,Y,ca. 1936,Stone,
Midland Beach War Memorial,Staten Island,Y,ca. 1992,Barre granite,Y         
Migrating Birds,the Bronx,Y,ca. 1936,Stone,
Millennial Clock,Manhattan,Y,2000,"clock, plaque--bronze; base--granite",
Mohandas Gandhi,Manhattan,Y,1986,Figure and plaque---bronze; pedestal---cast concrete,Y         
Monitor Memorial,Brooklyn,Y,ca. 1938,"Bronze, granite",Y         
Montbellier Park Plaque,Queens,Y,1964,Bronze,Y         
Mowgli Singes the Tiger,Brooklyn,Y,1935,Indiana limestone,
Mowgli Skins the Tiger,Brooklyn,Y,1935,,
Morty Arkin Memorial Plaque,Queens,Y,ca. 1972,Bronze,Y         
Motherhood,Manhattan,N,ca. 1930,bronze,
Mount Prospect Park Tablet,Brooklyn,,circa 1998,marble,
Mount Saint Vincent Plaque,Manhattan,Y,1995,Stainless steel,Y         
Mowgli and Animal Friends Attack the Monkey City,Brooklyn,Y,1935,Indiana limestone,
Mowgli Is Carried by the Monkeys,Brooklyn,Y,1935,,
Mowgli Learns the Law of the Jungle,Brooklyn,Y,1935,,
Mowgli Protected from the Tiger by the Wolves,Brooklyn,Y,1935,,
Mowgli Removes a Thorn from a Wolf's Paw,Brooklyn,Y,1935,,
Mowgli Rides the Bull Against the Tiger,Brooklyn,Y,1935,Indiana limestone,
Music,Manhattan,Y,ca. 1905,granite,
Naumburg Bandshell,Manhattan,Y,1923,Bandshell exterior--Indiana limestone; Bandshell interior--cast stone; Plaque--bronze,
Navigation,Manhattan,Y,ca. 1905,Westerly granite,
Neptune Fountain,Staten Island,Y,ca. 1994,Figure--bronze; basin--cast iron,Y         
Netherland Monument,Manhattan,Y,1926,"Bencha granite, bronze",Y         
New York In Its Infancy,Manhattan,Y,ca. 1907,Westerly granite,
New York In Revolutionary Times,Manhattan,Y,ca. 1907,Westerly granite,
Nobel Monument,Manhattan,Y,1999,"Vanga red granite (rough-hewn, Sweden), bronze, Swedish absolute black granite",Y         
New York Korean War Veterans Memorial,Manhattan,Y,1991,Obelisk and base--Pennsylvania black granite (polished); outline of cutout--stainless steel; mosaic tiles; plaques--stainless steel; markers and plaza paving--Barre gray granite,Y         
Newton and Darwin,Manhattan,Y,ca. 1995,Bronze,
Night Presence IV,Manhattan,Y,1972,Cor-Ten steel,Y         
Norwegian Veterans Monument,Manhattan,Y,ca. 1982,Norwegian coastal boulders; marker--pink granite,Y         
Old Man River,the Bronx,Y,ca. 1936,Stone,
One Hundred Seventh Infantry Memorial,Manhattan,Y,1927,"Bronze, North Jay granite",Y         
Oscar Ammann Memorial,Queens,Y,ca. 1926,"iron, concrete",
Othmar Herman Ammann,Manhattan,Y,ca. 1965,"bronze, black granite (polished)",
Painting,Manhattan,Y,ca. 1905,Westerly granite,
Peter Stuyvesant,Manhattan,Y,ca. 1905,Westerly granite,
Patrolman John J. Fraser Memorial Plaque,Brooklyn,S,ca. 1935,Bronze,
Peace Form One,Manhattan,Y,1980,Obelisk--stainless steel; Base--bronze; Paving--bluestone,Y         
Peace Plaza,the Bronx,Y,ca. 1989,"WWI--pink granite, WWII--pink granite, Korean War--pink granite, Vietnam War--gray granite, Persian Gulf War--black granite",Y         
Penguins,Manhattan,Y,1935,Indiana limestone,
Peter & Willie,Brooklyn,Y,1997,Figures--bronze; boulder--basalt; play surface--ceramic,Y         
Peter Caesar Alberti Marker,Manhattan,Y,ca. 1985 (replica),Granite,Y         
Philip Hone,Manhattan,Y,ca. 1906,Westerly granite,
Philosophy,Manhattan,Y,ca. 1903,Westerly granite,
Pier A Clock Tower,Manhattan,M,ca. 1918,"Wood, etc.",
Pleasant Plains Memorial,Staten Island,Y,1996,Figure and plaques--bronze; Pedestal and base--black granite (polished),Y         
Ponies,Manhattan,Y,1935,Indiana limestone,
Poetry,Manhattan,Y,ca. 1903,Westerly granite,
Police Officer Jose A. Perez Plaque,Brooklyn,Y,ca. 1994,Bronze,Y         
Printing,Manhattan,Y,ca. 1905,Westerly granite,
Prison Ship Martyrs Monument,Brooklyn,Y,1908,"Bronze, Deer Isle granite",Y         
Private David W. Gentle Memorial Flagstaff,the Bronx,Y,1950,Base--concrete; Tablet--granite (rough cut),Y         
"Private Joseph F. Merrell, Jr. Memorial",Staten Island,Y,ca. 1995,Tablet--black marble (polished); boulder--granite,Y         
Prospect Park War Memorial,Brooklyn,Y,1921,Group and plaques--bronze; Pedestal and wall--Milford pink granite,
Prospect Park: 100th Anniversary Plaque,Brooklyn,Y,1966,Bronze,Y         
Puerto Rican Sun,the Bronx,Y,1979,Cor-ten steel,Y         
Queens County Farm Museum Landmark Plaque,Queens,Y,ca. 1989,bronze; granite (rough),
Pulitzer Fountain,Manhattan,Y,1916,Lower basins and horns--Hauteville marble; Sixth basin and figure--bronze,Y         
Pvt. Frederick Staats Memorial,Staten Island,Y,1991,Boulder with bronze tablet,Y         
Rabbi  Dr. I. Usher Kirshblum Memorial,Queens,Y,1986,Light granite (unpolished),Y         
Ralph Ellison Memorial,Manhattan,Y,2002,Bronze and deer isle granite,Y         
Raoul Wallenberg Marker,Queens,Y,ca. 1982,Marker and plinth--granite; base--concrete,Y         
Raoul Wallenberg Monument,Manhattan,Y,1998,Columns--black Swedish diabase; sphere--blue ceramic; replica of attaché case--bronze (red patina); paving blocks--basalt,Y         
Reaching Jaguar,the Bronx,Y,1926,Marble,
Recorder,Manhattan,Y,ca. 1903,Westerly granite,
Recording the Purchase of Manhattan Island,Manhattan,Y,ca. 1906,white marble,
Red Hook Park Memorial,Brooklyn,L,1921,"Figure, plaque--bronze; Pedestal--Somesound granite",
Red Hook Stadium Reliefs,Brooklyn,Y,ca. 1939,Cast stone,
Reverend Benjamin J. Lowry,Brooklyn,Y,1982,"Stainless steel, Ebony Mist granite",Y         
Rhesus and Ring-Tailed Lemurs,Manhattan,Y,1935,Indiana limestone,
Richard Tucker,Manhattan,Y,1979,"Bronze, granite",Y         
Richmond Hill War Memorial,Queens,Y,circa 1925,Figure and plaque--bronze; Pedestal--Deer Isle granite,Y         
Richmond War Memorial,Staten Island,Y,1920,Bronze,N         
Ridgewood Memorial,Queens,Y,1920,North Jay granite; bas-reliefs--bronze,Y         
River That Flows Two Ways,Manhattan,Y,2000,Panels--cast iron; two panels--glass; two running bands--bronze,Y         
Robert F. Kennedy Memorial,Brooklyn,Y,1972,"Bust--bronze; pedestal and base--Kitledge gray granite (New Milford, New Hampshire)",Y         
Robert F. Wagner Tree Marker,Manhattan,Y,1960,Bronze,
Robert Fulton,Brooklyn,Y,1955,"Figure--bronze, pedestal facing--dark Quincy granite (polished)",Y         
Robert Moses Tree Marker,Manhattan,M,1961,Bronze,
Robert Ray Hamilton Fountain,Manhattan,Y,Circa 1906,Tennessee marble,Y         
Rockaway Mosaic,Queens,Y,ca. 1981,"145,000 Italian glass and ceramic tiles set into concrete",Y         
S.S. Savannah Memorial Weathervane,Manhattan,N,ca. 1955,weathervane--bronze; pole--wood (?),
"Sailor, Soldier, Marine",Queens,Y,ca. 1938,Paint,Y         
Rockaway Veterans Memorial,Queens,Y,1927,Figure and plaques--bronze; pedestal--Deer Isle granite,Y         
Rockaway Veterans Memorial Tree Markers,Queens,Y,1975,Plaques--bronze;,Y         
Rockaway Women Veterans Monument,Queens,Y,1989,"Bronze, granite",Y         
Rocky Mountain Goats,Manhattan,Y,1935,Indiana limestone,
Rocky Mountain Sheep,Manhattan,Y,1935,Indiana limestone,
Romeo and Juliet,Manhattan,Y,1978,Bronze and granite,Y         
Ronald McNair,Brooklyn,Y,ca. 1994,Missouri red granite (polished); bronze,Y         
S. Parkes Cadman Memorial,Brooklyn,N,ca. 1939,"Bronze, granite",
Salvation Army Monument,Manhattan,Y,ca. 1952,"Barre granite, bronze",Y         
Sambur Attacked by Wolves,Brooklyn,Y,1935,,
Sand Fleas,the Bronx,Y,ca. 1936,Stone,
Saratoga Park Memorial,Brooklyn,Y,ca. 1921,"Bronze, Milford pink granite",
Scorpions,the Bronx,Y,ca. 1936,Stone,
Sculpture,Manhattan,Y,ca. 1905,Westerly granite,
Seal of the State of New York (aka Excelsior),Manhattan,Y,ca. 1900,"Cast iron, granite",Y         
Seat,the Bronx,Y,ca. 1987,"Chair and dictionary--bronze (light blue-green patina); Boulder--Stony Creek, Connecticut pink granite",Y         
Sport Fish,the Bronx,Y,ca. 1936,Stone,
Shelter Pavilion Plaque,Brooklyn,Y,ca. 1982,,Y         
Sheridan Square Viewing Garden Plaque,Manhattan,Y,ca. 1983,Bronze,Y         
Simon Bolivar Monument,Manhattan,Y,1919,Statue and coats of arms--bronze; Pedestal--black granite (polished),Y         
Sixty First District Memorial,Brooklyn,Y,1922,"Relief and wreaths--bronze; stele--Stony Creek granite (polished); base, plinth, terrace, and benches--Stony Creek granite",Y         
Skagerrak,Manhattan,Y,ca. 1971,Cor-ten steel,Y         
Slocum Disaster Memorial,Manhattan,Y,ca. 1906,Tennessee pink marble,Y         
Snow Babies,Manhattan,Y,circa 1937,Cast stone,Y         
Socrates,Queens,Y,ca. 1993,Figure--bronze; Base--black Carolina granite,Y         
Sophocles,Queens,Y,2010,Bronze and Mountain Green granite,Y         
Soul In Flight: Arthur Ashe Memorial,Queens,Y,2000,Figure--bronze; plate---brass; footing---concrete,
Spanish Memorial Plaque,Brooklyn,S,1976,Bronze; Barre granite,
Spanish War Memorial,the Bronx,Y,circa 1919,Column and pedestal--Deer Isle granite; plaque with bas-relief--bronze from USS Maine,Y         
Speeder,the Bronx,Y,ca. 1936,Stone,
Spring,Manhattan,Y,ca. 1902,Westerly granite,
Stapleton Tower Suite,Staten Island,N,ca. 1990,Steel-reinforced concrete footings; pressure-treated exterior-grade plywood; pressure-treated fir studding and structural members; pine moldings and trim; cedar shingles; heavy-grade asphalt shingles; copper flashing; clear polycarbonate windows; stucco,
Stephen Sabatini Memorial,the Bronx,Y,ca. 1994,Plaque--bronze; base--concrete; frame--wood,Y         
Study,Manhattan,Y,ca. 1903,Westerly granite,
Stuyvesant Post War Memorial,Manhattan,Y,1934,"Stele-- Indiana(""French"") limestone; cap --  black diamond granite",Y         
Stuyvesant Square War Memorial,Brooklyn,S,ca. 1925,Gun--steel (?); Plaque--bronze; Plinth--limestone,
Sugar Loaf Rock Plaque,Staten Island,Y,ca. 1920,Bronze,Y         
Sullivan Memorial Fountain,Manhattan,S,ca. 1911,Fountain--Deer Isle granite; plaque--bronze,
Summer,Manhattan,Y,ca. 1903,Westerly granite,
Sunset Park Memorial,Brooklyn,N,1927,"bronze, granite",
Superheroes Mural,the Bronx,Y,1973,Paint,
Swans,Manhattan,Y,1935,Indiana limestone,
The Army: Genius of Patriotism Urging American Soldiers On To Victory,Brooklyn,Y,ca. 1900,Bronze,Y         
"The Bear, the Panther, the Snake and the Kite Pursuing the Monkey Tribe Through the Jungle",Brooklyn,Y,1935,,
The Family,Manhattan,Y,1979,Sculpture--bronze (brown patina); Pedestal--Carnelian red granite,Y         
The Free Bridge Plaque,the Bronx,Y,ca. 1959,Bronze,
The Hiker,Staten Island,Y,1916,"Bronze, North Jay granite",Y         
The Hollow Way Plaque,Manhattan,S,ca. 1910,Bronze,
The Ides of March,Manhattan,M,circa 1972,"Three monoliths-marble grout, smallest  monolith--white.marble; pedestal--cement",
The Immigrants,Manhattan,Y,1973,"Bronze, Minnesota Rideau Red granite",Y         
The Navy: American Sailors At Sea Urged On By the Genius of Patriotism,Brooklyn,Y,1901,Bronze,Y         
The New York Times Capsule,Manhattan,Y,1999,Capsule--stainless steel; monolith--black diabase granite (polished); paving blocks--Milford pink granite,Y         
The Rowers,Manhattan,Y,1968,Group and plinth--bronze; original pedestal--concrete; replacement pedestal--black granite (polished),Y         
The Waterhole in the Jungle,Brooklyn,Y,1935,,
Theodore Roosevelt Plaque,the Bronx,Y,1931,Bronze,
Thirteenth Regiment Coast Defense Memorial,Brooklyn,Y,1921,"bronze, granite",
Thomas F. Smith,Manhattan,Y,1924,Deer Isle granite,
Thunderbird,Brooklyn,Y,ca. 1992,Belgian granite pavers,
Tigers,Manhattan,Y,1935,Indiana limestone,
Time Sculpture at Lincoln Center,Manhattan,Y,1998,Form--bronze; base--granite,Y         
Tisch Children's Zoo Gate,Manhattan,Y,1961,Pylons--Swenson green granite; Crest and plaques--bronze; inscription--gilded,Y         
Tomorrow's Wind,Manhattan,Y,ca. 1990,Plate segments--#304 stainless steel; grid--iron,Y         
Topiary: A Twenty-Year Project,Brooklyn,Y,ca. 1993,"Armatures--steel, aluminum (color-coated)",
Tradition,Manhattan,Y,ca. 1905,Westerly granite,
Triumph of the Human Spirit,Manhattan,Y,2000,Basin and superstructure--black Canadian granite; plaque--brass,Y         
Truth,Manhattan,Y,1920,Carrara marble,
Turkeys,Manhattan,Y,1935,Indiana limestone,
U.S.S. Maine National Monument,Manhattan,Y,"September 1, 1912",Pylon--Maine granite; colossal group--bronze (gilded); figures--Tennessee pink marble; plaques--bronze; gate houses--marble; gate house doors--bronze; gate house reliefs--granite,Y         
Ukrainian American Flagstaff,Manhattan,Y,1942,"Base--granite, plaque and seal---bronze",Y         
Untitled,Manhattan,Y,ca. 1993,Bronze,
Union Square National Historic Landmark Plaque,Manhattan,Y,2002,Bronze,Y         
Van Nest Memorial,the Bronx,Y,1926,Deer Isle granite,Y         
Victor Herbert,Manhattan,Y,ca. 1927,"Bronze, Stony Creek granite",Y         
Voice 1,Manhattan,Y,2008,Stainless steel,Y         
Voice 2,Manhattan,Y,2008,Stainless steel,Y         
Voice 4,Manhattan,Y,2008,Stainless steel,Y         
Von Weber Memorial,Brooklyn,Y,ca 1909,"Bronze, Barre granite",Y         
Wallach Walk Paver,Manhattan,Y,ca. 1994,granite,
Walloon Settlers Memorial,Manhattan,Y,ca. 1924,Limestone,Y         
Washington Heights-Inwood War Memorial,Manhattan,Y,1923,"Bronze, Deer Isle granite",Y         
Washington Square Memorial Drinking Fountain,Manhattan,O,ca. 1993,Plaque--brass,
Weeping Beech Tree Landmark Plaque,Queens,Y,ca. 1972,Bronze,Y         
Westchester Square Memorial,the Bronx,Y,1925,Milford pink granite,Y         
Wien Walk Plaques,Manhattan,Y,ca. 1988,Bronze,Y         
Wien Walk Plaques,Manhattan,Y,ca. 1988,Bronze,Y         
Wien Walk Plaques,Manhattan,Y,ca. 1988,Bronze,Y         
Wild Geese,the Bronx,Y,ca. 1936,Stone,
William C. Allen Plaque,Brooklyn,Y,ca. 1931,,
William Cullen Bryant,Manhattan,Y,1911,"Bronze, marble",Y         
William Jay Gaynor Memorial,Brooklyn,Y,1926,"Bust and bas-reliefs--bronze; Pedestal, stele, platform--pink Milford granite",Y         
William T. Stead Memorial,Manhattan,Y,1920,"Bronze, Indiana limestone",Y         
William Tecumseh Sherman,Manhattan,Y,1902,Group and wreaths--bronze (gilded); pedestal--Stony Creek granite (polished); plaque--bronze; pavement: bluestone,Y         
Winfield Memorial,Queens,Y,1926,"Bronze, Stony Creek granite",Y         
Wingdale,Queens,Y,1971,"Cor-ten steel, painted red",Y         
Wingdale,Queens,Y,1971,"Cor-ten steel, painted red",Y         
Winter,Manhattan,Y,ca. 1903,Westerly granite,
Wireless Operators Memorial,Manhattan,Y,1913,"Cenotaph, fountain, and benches--Quincy yellow granite; plaques--bronze",Y         
Wolf and Lynxes,Manhattan,Y,1935,Indiana limestone,
Wollman Portrait,Manhattan,Y,1952,Oil on canvas,Y         
Woodside Doughboy,Queens,Y,1923,"Bronze, granite",Y         
Zion Park War Memorial,Brooklyn,Y,ca. 1925,Bas-relief--Indiana limestone; Plaque--bronze,Y         
